學年度,學程別,設立別,性別,畢業生人數,正在接受職業訓練人數,正在軍中服役人數,需要工作而未找到人數,補習或準備升學人數,健康不良在家休養人數,準備出國人數,其他人數
102,普通科,國立,男,17434,2,98,8,509,2,1,26
102,普通科,國立,女,16833,2,0,1,241,1,3,5
102,普通科,國立,男,19983,6,106,7,465,2,11,55
102,普通科,國立,女,20770,2,0,9,261,2,24,37
102,普通科,私立,男,14248,13,111,15,366,4,9,20
102,普通科,私立,女,14270,6,0,3,230,5,12,20
102,專業群科,國立,男,17529,53,504,147,173,25,6,69
102,專業群科,國立,女,13108,23,0,123,69,23,6,51
102,專業群科,國立,男,6915,8,50,13,90,12,3,25
102,專業群科,國立,女,4057,7,0,24,48,4,10,8
102,專業群科,私立,男,37205,175,2128,726,158,71,26,352
102,專業群科,私立,女,34965,115,0,685,207,85,43,196
102,綜合高中,國立,男,4895,7,94,12,80,0,2,27
102,綜合高中,國立,女,5833,0,0,14,48,3,5,14
102,綜合高中,國立,男,1829,0,12,0,38,1,2,6
102,綜合高中,國立,女,1928,0,0,1,28,1,3,4
102,綜合高中,私立,男,4922,13,143,42,37,6,1,22
102,綜合高中,私立,女,6013,10,0,39,30,2,3,38
102,實用技能學程,國立,男,1992,11,194,36,8,3,0,36
102,實用技能學程,國立,女,1488,9,0,32,6,2,1,8
102,實用技能學程,國立,男,241,0,16,5,0,2,0,3
102,實用技能學程,國立,女,153,1,0,4,0,2,0,5
102,實用技能學程,私立,男,4712,11,490,207,20,15,2,98
102,實用技能學程,私立,女,3996,23,0,259,21,16,2,61
103,普通科,國立,男,17951,2,103,3,478,1,3,4
103,普通科,國立,女,17035,0,0,10,253,3,7,19
103,普通科,國立,男,20477,13,210,23,458,4,14,21
103,普通科,國立,女,21199,8,0,11,320,8,10,23
103,普通科,私立,男,14483,10,116,5,349,1,14,11
103,普通科,私立,女,13964,1,0,3,232,2,10,4
103,專業群科,國立,男,17555,74,631,168,171,17,7,97
103,專業群科,國立,女,13185,41,0,140,71,14,1,51
103,專業群科,國立,男,7015,5,69,18,85,4,3,31
103,專業群科,國立,女,4231,5,0,8,42,3,2,17
103,專業群科,私立,男,36343,141,2133,889,229,72,41,238
103,專業群科,私立,女,34125,98,0,678,266,80,64,137
103,綜合高中,國立,男,4612,7,124,14,73,1,2,14
103,綜合高中,國立,女,5358,3,0,20,73,2,0,20
103,綜合高中,國立,男,1766,0,18,1,33,0,1,2
103,綜合高中,國立,女,1754,0,0,3,35,1,2,0
103,綜合高中,私立,男,4563,4,195,30,34,5,5,12
103,綜合高中,私立,女,5581,6,0,27,34,4,5,23
103,實用技能學程,國立,男,1978,7,179,36,9,2,1,13
103,實用技能學程,國立,女,1438,7,0,44,6,5,0,7
103,實用技能學程,國立,男,246,0,14,2,0,0,0,0
103,實用技能學程,國立,女,155,0,0,2,19,1,0,3
103,實用技能學程,私立,男,4683,34,374,225,19,18,3,76
103,實用技能學程,私立,女,3804,21,0,183,15,13,0,32
103,進修部,國立,男,2770,6,280,101,22,8,3,33
103,進修部,國立,女,2142,5,0,64,13,5,6,46
103,進修部,國立,男,923,5,25,16,9,1,1,18
103,進修部,國立,女,635,0,0,5,2,1,0,88
103,進修部,私立,男,7077,39,603,351,42,20,7,172
103,進修部,私立,女,5515,36,0,272,48,33,26,83
104,普通科,國立,男,16969,10,102,5,464,4,12,11
104,普通科,國立,女,17103,5,0,22,228,2,8,16
104,普通科,國立,男,19250,14,172,17,393,4,13,22
104,普通科,國立,女,21017,8,0,11,224,4,10,7
104,普通科,私立,男,12552,1,95,8,237,5,26,15
104,普通科,私立,女,11733,1,0,2,125,4,17,9
104,專業群科,國立,男,17295,51,763,178,177,20,8,63
104,專業群科,國立,女,12921,27,0,123,86,22,3,37
104,專業群科,國立,男,6896,18,96,33,152,9,9,22
104,專業群科,國立,女,4290,3,0,12,49,4,4,25
104,專業群科,私立,男,32477,158,1765,720,194,64,41,265
104,專業群科,私立,女,29519,128,0,589,196,82,67,187
104,綜合高中,國立,男,3823,3,71,17,57,1,3,6
104,綜合高中,國立,女,4882,2,0,17,56,6,3,1
104,綜合高中,國立,男,1769,2,29,8,25,0,3,2
104,綜合高中,國立,女,1840,1,0,5,19,0,0,0
104,綜合高中,私立,男,4057,9,186,20,22,5,4,17
104,綜合高中,私立,女,4216,3,0,19,24,6,6,8
104,實用技能學程,國立,男,1770,21,133,52,21,4,0,25
104,實用技能學程,國立,女,1320,8,0,51,7,0,2,6
104,實用技能學程,國立,男,201,0,14,9,0,1,0,1
104,實用技能學程,國立,女,91,0,0,1,0,0,0,0
104,實用技能學程,私立,男,4175,17,357,233,33,12,4,54
104,實用技能學程,私立,女,3377,35,0,220,26,19,4,29
104,進修部,國立,男,2476,7,238,79,7,7,0,41
104,進修部,國立,女,1733,1,0,55,5,13,2,31
104,進修部,國立,男,1176,1,35,18,6,0,1,18
104,進修部,國立,女,802,1,0,2,7,0,4,67
104,進修部,私立,男,5956,39,467,304,34,18,17,133
104,進修部,私立,女,4486,35,0,241,48,34,21,74
105,普通科,國立,男,13721,4,109,10,329,2,3,9
105,普通科,國立,女,13958,6,0,7,177,1,6,1
105,普通科,國立,男,20575,35,117,14,306,1,8,32
105,普通科,國立,女,21550,36,0,8,236,3,9,11
105,普通科,私立,男,12308,4,73,12,264,5,19,6
105,普通科,私立,女,12157,5,0,5,135,1,10,2
105,專業群科,國立,男,14146,45,732,176,152,18,2,90
105,專業群科,國立,女,10407,35,0,132,58,13,4,28
105,專業群科,國立,男,9072,28,107,78,118,3,8,17
105,專業群科,國立,女,5168,14,0,31,36,2,12,9
105,專業群科,私立,男,30574,163,1462,710,192,75,52,187
105,專業群科,私立,女,29058,123,0,604,219,63,63,128
105,綜合高中,國立,男,2968,4,72,8,49,0,1,5
105,綜合高中,國立,女,3776,3,0,8,38,2,2,8
105,綜合高中,國立,男,1775,3,9,3,39,0,2,1
105,綜合高中,國立,女,1988,0,0,2,21,0,4,1
105,綜合高中,私立,男,2752,7,122,15,22,6,6,8
105,綜合高中,私立,女,3265,8,0,20,18,1,6,5
105,實用技能學程,國立,男,1490,15,138,38,7,4,1,11
105,實用技能學程,國立,女,1037,5,0,42,9,5,0,3
105,實用技能學程,國立,男,284,1,24,4,0,2,0,0
105,實用技能學程,國立,女,208,0,0,6,0,1,0,1
105,實用技能學程,私立,男,3662,42,247,165,18,13,1,50
105,實用技能學程,私立,女,3194,26,0,217,13,13,3,21
105,進修部,國立,男,1762,12,160,52,8,2,2,60
105,進修部,國立,女,1149,0,0,33,5,7,1,37
105,進修部,國立,男,1198,3,52,17,7,5,1,20
105,進修部,國立,女,808,2,0,8,9,3,1,62
105,進修部,私立,男,5385,12,321,254,19,24,7,155
105,進修部,私立,女,4247,23,0,216,18,27,9,69
106,普通科,國立,男,12381,14,76,5,557,1,3,38
106,普通科,國立,女,13014,3,0,9,336,5,6,37
106,普通科,國立,男,23143,8,136,18,794,6,13,39
106,普通科,國立,女,24351,3,0,28,563,5,26,25
106,普通科,私立,男,13980,15,80,17,490,9,42,11
106,普通科,私立,女,13771,11,0,13,345,5,46,5
106,專業群科,國立,男,13352,54,422,233,154,17,6,59
106,專業群科,國立,女,9680,28,0,115,78,9,5,40
106,專業群科,國立,男,9315,32,88,63,198,13,6,8
106,專業群科,國立,女,5688,16,0,47,48,6,10,6
106,專業群科,私立,男,33114,108,1104,740,285,54,54,183
106,專業群科,私立,女,30259,114,0,613,198,77,73,110
106,綜合高中,國立,男,2545,7,51,11,53,1,2,12
106,綜合高中,國立,女,3367,8,0,14,43,1,1,16
106,綜合高中,國立,男,1906,1,13,1,49,0,1,5
106,綜合高中,國立,女,2066,1,0,6,30,0,1,3
106,綜合高中,私立,男,2686,4,89,32,26,2,5,10
106,綜合高中,私立,女,3276,2,0,21,18,4,9,7
106,實用技能學程,國立,男,1449,6,68,36,9,4,0,10
106,實用技能學程,國立,女,1048,2,0,35,4,6,0,3
106,實用技能學程,國立,男,394,2,24,10,2,1,1,4
106,實用技能學程,國立,女,221,0,0,2,0,1,0,5
106,實用技能學程,私立,男,3894,19,250,170,18,8,0,32
106,實用技能學程,私立,女,3000,13,0,179,13,17,2,21
106,進修部,國立,男,1705,6,154,28,14,4,1,26
106,進修部,國立,女,1104,4,0,31,11,9,2,40
106,進修部,國立,男,1202,3,32,24,16,2,1,18
106,進修部,國立,女,784,1,0,8,6,3,1,72
106,進修部,私立,男,4777,17,372,228,24,6,6,96
106,進修部,私立,女,3816,16,0,188,36,20,6,52
107,普通科,國立,男,12639,2,82,16,736,2,6,13
107,普通科,國立,女,12901,2,0,11,475,1,2,6
107,普通科,國立,男,22367,8,121,16,1147,4,19,14
107,普通科,國立,女,24611,8,0,9,862,5,16,13
107,普通科,私立,男,13146,27,89,12,685,21,33,10
107,普通科,私立,女,12972,9,0,5,517,8,32,4
107,專業群科,國立,男,13594,83,314,182,107,13,5,59
107,專業群科,國立,女,9858,36,0,145,70,5,10,28
107,專業群科,國立,男,9324,51,79,72,148,11,4,31
107,專業群科,國立,女,5827,20,0,38,48,4,6,17
107,專業群科,私立,男,30182,148,1264,589,177,75,69,177
107,專業群科,私立,女,28193,115,0,488,158,50,94,125
107,綜合高中,國立,男,2187,5,41,7,84,0,0,14
107,綜合高中,國立,女,2970,3,0,15,60,0,3,3
107,綜合高中,國立,男,1662,6,16,6,41,1,1,3
107,綜合高中,國立,女,2045,0,0,3,46,0,1,0
107,綜合高中,私立,男,2275,2,57,6,41,1,5,2
107,綜合高中,私立,女,2734,6,0,20,26,4,4,7
107,實用技能學程,國立,男,1440,9,88,37,4,8,1,22
107,實用技能學程,國立,女,1024,2,0,37,7,7,2,3
107,實用技能學程,國立,男,298,2,20,3,3,0,0,0
107,實用技能學程,國立,女,155,0,0,3,0,0,0,3
107,實用技能學程,私立,男,3939,36,285,224,13,12,3,23
107,實用技能學程,私立,女,2919,22,0,205,15,8,2,16
107,進修部,國立,男,1455,5,124,38,14,6,1,19
107,進修部,國立,女,900,2,0,20,10,7,3,24
107,進修部,國立,男,1105,6,61,11,11,0,1,19
107,進修部,國立,女,720,2,0,5,2,2,0,63
107,進修部,私立,男,4155,25,205,214,21,14,9,120
107,進修部,私立,女,3425,21,0,186,14,20,5,59
108,普通科,國立,男,12072,2,53,12,489,2,3,7
108,普通科,國立,女,12356,4,0,8,328,10,6,9
108,普通科,國立,男,22180,14,145,7,737,5,11,19
108,普通科,國立,女,23872,12,0,4,512,8,14,14
108,普通科,私立,男,10547,10,62,8,381,2,34,9
108,普通科,私立,女,10601,9,0,4,250,0,18,12
108,專業群科,國立,男,13007,45,239,161,102,19,0,72
108,專業群科,國立,女,9076,30,0,118,46,15,3,34
108,專業群科,國立,男,9216,25,61,74,74,3,4,32
108,專業群科,國立,女,5747,17,0,55,48,6,7,26
108,專業群科,私立,男,22544,95,752,561,122,52,33,146
108,專業群科,私立,女,21944,84,0,487,103,37,42,118
108,綜合高中,國立,男,2021,0,21,5,42,0,0,2
108,綜合高中,國立,女,2727,3,0,9,54,0,1,4
108,綜合高中,國立,男,1226,0,14,2,34,0,1,3
108,綜合高中,國立,女,1414,2,0,2,33,1,0,0
108,綜合高中,私立,男,1556,0,28,10,14,2,0,7
108,綜合高中,私立,女,1758,2,0,5,17,1,3,6
108,實用技能學程,國立,男,1247,3,57,32,5,1,0,5
108,實用技能學程,國立,女,871,2,0,28,1,1,0,2
108,實用技能學程,國立,男,259,1,9,8,7,0,0,0
108,實用技能學程,國立,女,112,2,0,2,0,1,0,12
108,實用技能學程,私立,男,3384,23,196,159,10,11,2,17
108,實用技能學程,私立,女,2496,30,0,148,13,10,0,15
108,進修部,國立,男,1244,2,81,48,6,2,0,17
108,進修部,國立,女,765,2,0,24,4,13,1,22
108,進修部,國立,男,926,7,44,12,10,0,0,12
108,進修部,國立,女,544,3,0,8,1,8,0,49
108,進修部,私立,男,3587,18,154,156,17,13,4,113
108,進修部,私立,女,2922,20,0,126,10,19,7,44
109,普通科,國立,男,11520,3,56,4,214,2,1,35
109,普通科,國立,女,11694,5,0,7,85,1,3,10
109,普通科,國立,男,21848,14,73,21,395,7,6,18
109,普通科,國立,女,23220,13,0,8,200,3,8,13
109,普通科,私立,男,11097,4,32,9,224,2,17,2
109,普通科,私立,女,11022,3,0,1,130,8,6,3
109,專業群科,國立,男,12233,51,215,175,65,29,2,55
109,專業群科,國立,女,8745,26,0,107,35,12,4,25
109,專業群科,國立,男,8709,29,48,62,44,16,2,29
109,專業群科,國立,女,5464,8,0,48,25,19,3,22
109,專業群科,私立,男,20533,66,523,637,98,39,31,151
109,專業群科,私立,女,19904,45,0,654,70,55,25,79
109,綜合高中,國立,男,1825,1,16,3,18,0,1,4
109,綜合高中,國立,女,2374,1,0,3,9,0,0,5
109,綜合高中,國立,男,1141,2,6,5,11,0,0,0
109,綜合高中,國立,女,1281,1,0,4,8,0,0,1
109,綜合高中,私立,男,1273,2,30,4,10,3,4,5
109,綜合高中,私立,女,1369,4,0,5,5,1,1,2
109,實用技能學程,國立,男,1102,4,44,46,6,2,0,5
109,實用技能學程,國立,女,797,2,0,22,1,3,0,2
109,實用技能學程,國立,男,280,1,13,1,2,1,1,1
109,實用技能學程,國立,女,95,0,0,2,2,1,0,0
109,實用技能學程,私立,男,3192,28,105,203,6,8,0,49
109,實用技能學程,私立,女,2439,17,0,192,5,6,4,15
109,進修部,國立,男,1073,8,52,18,6,6,0,19
109,進修部,國立,女,729,2,0,26,7,7,0,29
109,進修部,國立,男,753,3,47,22,4,3,0,28
109,進修部,國立,女,534,3,0,15,1,4,1,82
109,進修部,私立,男,3049,32,117,159,15,15,6,96
109,進修部,私立,女,2614,34,0,138,21,31,2,43
110,普通科,國立,男,11137,8,27,5,245,5,2,26
110,普通科,國立,女,11168,4,0,6,161,0,3,7
110,普通科,國立,男,21603,18,45,8,352,2,8,19
110,普通科,國立,女,22765,7,0,7,304,0,11,31
110,普通科,私立,男,10947,7,40,18,184,5,18,6
110,普通科,私立,女,10292,5,0,6,148,3,27,5
110,專業群科,國立,男,11587,43,180,177,54,17,2,55
110,專業群科,國立,女,8259,31,0,97,28,8,3,37
110,專業群科,國立,男,8306,25,60,48,86,12,5,25
110,專業群科,國立,女,5215,15,0,42,29,5,1,13
110,專業群科,私立,男,17474,66,436,307,57,34,13,129
110,專業群科,私立,女,17338,70,0,318,98,45,41,85
110,綜合高中,國立,男,1771,6,6,3,18,0,0,3
110,綜合高中,國立,女,2114,0,0,2,13,1,0,1
110,綜合高中,國立,男,925,2,7,5,18,1,0,0
110,綜合高中,國立,女,1023,0,0,2,27,1,1,0
110,綜合高中,私立,男,870,8,7,3,4,2,0,2
110,綜合高中,私立,女,883,1,0,0,3,5,4,2
110,實用技能學程,國立,男,999,5,35,30,7,4,0,6
110,實用技能學程,國立,女,693,3,0,18,3,1,1,3
110,實用技能學程,國立,男,199,3,6,4,2,1,2,0
110,實用技能學程,國立,女,83,0,0,1,1,0,0,3
110,實用技能學程,私立,男,2857,8,150,90,10,5,1,18
110,實用技能學程,私立,女,2251,11,0,141,2,8,1,3
110,進修部,國立,男,1011,3,32,23,4,4,1,26
110,進修部,國立,女,620,2,0,22,4,6,1,26
110,進修部,國立,男,651,2,22,14,5,2,1,15
110,進修部,國立,女,440,3,0,7,6,4,1,66
110,進修部,私立,男,2632,8,102,119,13,10,6,89
110,進修部,私立,女,2406,11,0,89,6,17,1,24
